species,bill_length_mm,bill_depth_mm,flipper_length_mm,body_mass_g,Heavy,year
Chinstrap,50,19.5,196,3900,No,2007
Chinstrap,51.3,19.2,193,3650,No,2007
Chinstrap,52.7,19.8,197,3725,No,2007
Chinstrap,51.3,18.2,197,3750,No,2007
Chinstrap,51.3,19.9,198,3700,No,2007
Chinstrap,51.7,20.3,194,3775,No,2007
Chinstrap,52,18.1,201,4050,No,2007
Chinstrap,50.5,19.6,201,4050,No,2007
Chinstrap,50.3,20,197,3300,No,2007
Chinstrap,49.2,18.2,195,4400,Yes,2007
Chinstrap,48.5,17.5,191,3400,No,2007
Chinstrap,50.6,19.4,193,3800,No,2007
Chinstrap,52,19,197,4150,No,2007
Chinstrap,49.5,19,200,3800,No,2008
Chinstrap,52.8,20,205,4550,Yes,2008
Chinstrap,54.2,20.8,201,4300,No,2008
Chinstrap,51,18.8,203,4100,No,2008
Chinstrap,49.7,18.6,195,3600,No,2008
Chinstrap,52,20.7,210,4800,Yes,2008
Chinstrap,53.5,19.9,205,4500,Yes,2008
Chinstrap,49,19.5,210,3950,No,2008
Chinstrap,50.9,19.1,196,3550,No,2008
Chinstrap,50.8,18.5,201,4450,Yes,2009
Chinstrap,49,19.6,212,4300,No,2009
Chinstrap,51.5,18.7,187,3250,No,2009
Chinstrap,51.4,19,201,3950,No,2009
Chinstrap,50.7,19.7,203,4050,No,2009
Chinstrap,52.2,18.8,197,3450,No,2009
Chinstrap,49.3,19.9,203,4050,No,2009
Chinstrap,50.2,18.8,202,3800,No,2009
Chinstrap,51.9,19.5,206,3950,No,2009
Chinstrap,55.8,19.8,207,4000,No,2009
Chinstrap,49.6,18.2,193,3775,No,2009
Chinstrap,50.8,19,210,4100,No,2009